Organization Name,City,State,Certification Disease,Event Type,Standard Chapter,Standard Text,Standard Text 2,Standard Text 3,EP,Standard and EP,EP SAFER Placement,EP Score,EP Likelihood,Survey Start Date,Survey End Date,Survey Year,EP Text,EP Observations
Community General Hospital,Phoenix,AZ,,Annual Survey,Patient Rights,RC.02.01.01,LS.02.01.20.3,Element 9,EP 1,LS.02.01.20 EP27,Immediate Jeopardy,3,Widespread,01/23/2023,01/26/2023,2023,Finding related to patient safety,7
Coastal Care Hospital,Columbus,OH,,Follow-up Survey,Medication Management,PC.01.02.07,IC.02.01.01.7,Element 6,EP 17,PC.01.02.07 EP22,No Deficiency,3,Pattern,04/25/2024,04/27/2024,2024,Finding related to equipment maintenance,1
Metro City Medical,Philadelphia,PA,,Annual Survey,Medication Management,EM.02.02.01,MS.06.01.01.2,Element 9,EP 15,MM.06.01.01 EP30,Condition Level,2,Isolated,01/28/2024,02/02/2024,2024,Finding related to policy compliance,11
Central Hospital,Austin,TX,Heart Failure,Validation Survey,Leadership,LD.04.04.05,LD.04.04.05.9,Element 20,EP 15,RI.01.01.01 EP13,Condition Level,3,Widespread,06/19/2024,06/23/2024,2024,Finding related to patient safety,15
Community General Hospital,Phoenix,AZ,Acute Myocardial Infarction,Complaint Survey,Patient Rights,IC.02.01.01,LS.02.01.20.8,Element 18,EP 27,RI.01.01.01 EP29,Condition Level,0,No Pattern,02/08/2024,02/12/2024,2024,Finding related to policy compliance,3
Mountain View Health,Fort Worth,TX,Pneumonia,Validation Survey,Medical Staff,EM.02.02.01,IC.02.01.01.1,Element 18,EP 8,RC.02.01.01 EP17,Immediate Jeopardy,0,Isolated,10/11/2024,10/13/2024,2024,Finding related to equipment maintenance,5
Central Hospital,Austin,TX,Heart Failure,Follow-up Survey,Emergency Management,EM.02.02.01,LD.04.04.05.6,Element 8,EP 21,PC.01.02.07 EP12,Condition Level,0,Pattern,06/25/2023,06/30/2023,2023,Finding related to patient safety,4
Community General Hospital,Phoenix,AZ,,Follow-up Survey,Life Safety,MM.06.01.01,IC.02.01.01.10,Element 1,EP 8,RC.02.01.01 EP8,Standard Level,4,Widespread,05/06/2023,05/07/2023,2023,Finding related to equipment maintenance,12
Lakeside Regional,Jacksonville,FL,,Validation Survey,Environment of Care,RC.02.01.01,MS.06.01.01.2,Element 13,EP 26,PC.01.02.07 EP15,No Deficiency,5,Pattern,10/30/2023,11/02/2023,2023,Finding related to policy compliance,4
Coastal Care Hospital,Columbus,OH,,Annual Survey,Infection Prevention and Control,RI.01.01.01,PC.01.02.07.9,Element 20,EP 17,IC.02.01.01 EP17,Immediate Jeopardy,2,No Pattern,07/29/2023,07/31/2023,2023,Finding related to documentation,5
Central Hospital,Austin,TX,,Follow-up Survey,Environment of Care,MM.06.01.01,MM.06.01.01.5,Element 9,EP 7,MM.06.01.01 EP7,No Deficiency,0,Widespread,10/11/2023,10/14/2023,2023,Finding related to staff training,10
Lakeside Regional,Jacksonville,FL,,Follow-up Survey,Emergency Management,EC.02.06.05,LD.04.04.05.2,Element 18,EP 7,IC.02.01.01 EP6,Immediate Jeopardy,4,Isolated,06/26/2023,06/28/2023,2023,Finding related to environmental controls,9
Lakeside Regional,Jacksonville,FL,Acute Myocardial Infarction,Validation Survey,Infection Prevention and Control,RI.01.01.01,LD.04.04.05.4,Element 14,EP 5,LD.04.04.05 EP2,Standard Level,4,Isolated,02/07/2023,02/11/2023,2023,Finding related to patient safety,5
Valley Medical Center,Dallas,TX,,Follow-up Survey,Patient Rights,EM.02.02.01,RC.02.01.01.7,Element 7,EP 30,EC.02.06.05 EP26,Standard Level,4,Isolated,06/19/2023,06/23/2023,2023,Finding related to patient safety,4
Mountain View Health,Fort Worth,TX,Heart Failure,Validation Survey,Environment of Care,EC.02.06.05,EM.02.02.01.3,Element 10,EP 29,MM.06.01.01 EP23,Condition Level,3,Isolated,05/10/2023,05/11/2023,2023,Finding related to policy compliance,11
Coastal Care Hospital,Columbus,OH,,Validation Survey,Leadership,EM.02.02.01,IC.02.01.01.9,Element 8,EP 13,EM.02.02.01 EP12,Condition Level,5,Isolated,08/23/2023,08/27/2023,2023,Finding related to environmental controls,11
Mountain View Health,Fort Worth,TX,,Complaint Survey,Infection Prevention and Control,EC.02.06.05,LD.04.04.05.4,Element 8,EP 5,MM.06.01.01 EP25,Standard Level,3,Widespread,01/03/2024,01/04/2024,2024,Finding related to documentation,3
Metro City Medical,Philadelphia,PA,,Complaint Survey,Record of Care,EM.02.02.01,IC.02.01.01.3,Element 20,EP 6,MS.06.01.01 EP9,No Deficiency,4,Pattern,01/30/2024,02/01/2024,2024,Finding related to documentation,11
St. Mary's Medical Center,Chicago,IL,,Validation Survey,Record of Care,RI.01.01.01,EC.02.06.05.4,Element 10,EP 22,EM.02.02.01 EP4,Condition Level,5,Pattern,06/04/2024,06/09/2024,2024,Finding related to documentation,9
Lakeside Regional,Jacksonville,FL,Acute Myocardial Infarction,Annual Survey,Record of Care,EM.02.02.01,RI.01.01.01.1,Element 7,EP 11,EM.02.02.01 EP19,Standard Level,2,Widespread,08/14/2024,08/19/2024,2024,Finding related to environmental controls,11
Metro City Medical,Philadelphia,PA,Heart Failure,Complaint Survey,Medical Staff,EC.02.06.05,PC.01.02.07.6,Element 13,EP 23,RI.01.01.01 EP14,No Deficiency,4,No Pattern,06/05/2023,06/07/2023,2023,Finding related to policy compliance,4
Lakeside Regional,Jacksonville,FL,Pneumonia,Complaint Survey,Record of Care,LD.04.04.05,PC.01.02.07.8,Element 1,EP 28,RI.01.01.01 EP12,No Deficiency,1,Widespread,02/13/2023,02/15/2023,2023,Finding related to policy compliance,8
Mountain View Health,Fort Worth,TX,,Annual Survey,Life Safety,LS.02.01.20,RI.01.01.01.6,Element 16,EP 15,RI.01.01.01 EP3,Condition Level,0,Isolated,05/20/2024,05/23/2024,2024,Finding related to equipment maintenance,9
Community General Hospital,Phoenix,AZ,,Follow-up Survey,Patient Rights,EM.02.02.01,EM.02.02.01.8,Element 19,EP 1,MM.06.01.01 EP14,Standard Level,5,Pattern,08/25/2023,08/28/2023,2023,Finding related to staff training,10
Lakeside Regional,Jacksonville,FL,,Follow-up Survey,Life Safety,RI.01.01.01,EC.02.06.05.1,Element 13,EP 5,MS.06.01.01 EP18,Condition Level,3,Widespread,07/07/2024,07/09/2024,2024,Finding related to environmental controls,5
Valley Medical Center,Dallas,TX,,Validation Survey,Life Safety,LS.02.01.20,LD.04.04.05.2,Element 11,EP 5,RC.02.01.01 EP29,Standard Level,2,Isolated,10/21/2023,10/24/2023,2023,Finding related to environmental controls,9
Lakeside Regional,Jacksonville,FL,COPD,Follow-up Survey,Medication Management,MS.06.01.01,PC.01.02.07.4,Element 7,EP 7,RC.02.01.01 EP21,No Deficiency,4,No Pattern,02/07/2024,02/12/2024,2024,Finding related to staff training,10
Lakeside Regional,Jacksonville,FL,,Validation Survey,Infection Prevention and Control,EC.02.06.05,IC.02.01.01.1,Element 3,EP 8,MS.06.01.01 EP28,Standard Level,5,Isolated,05/03/2024,05/06/2024,2024,Finding related to documentation,4
Valley Medical Center,Dallas,TX,COPD,Follow-up Survey,Leadership,IC.02.01.01,MS.06.01.01.8,Element 18,EP 25,RC.02.01.01 EP12,Immediate Jeopardy,2,Isolated,11/23/2024,11/27/2024,2024,Finding related to environmental controls,4
St. Mary's Medical Center,Chicago,IL,COPD,Complaint Survey,Medical Staff,RI.01.01.01,RI.01.01.01.9,Element 9,EP 14,IC.02.01.01 EP23,Immediate Jeopardy,5,Widespread,05/11/2024,05/14/2024,2024,Finding related to documentation,14
Riverside Healthcare,San Antonio,TX,,Follow-up Survey,Environment of Care,LS.02.01.20,IC.02.01.01.9,Element 14,EP 5,RI.01.01.01 EP14,Condition Level,3,Isolated,04/12/2023,04/17/2023,2023,Finding related to documentation,5
Coastal Care Hospital,Columbus,OH,Stroke,Follow-up Survey,Environment of Care,LS.02.01.20,RC.02.01.01.9,Element 14,EP 5,MM.06.01.01 EP9,No Deficiency,4,No Pattern,07/22/2024,07/25/2024,2024,Finding related to equipment maintenance,15
St. Mary's Medical Center,Chicago,IL,Heart Failure,Annual Survey,Medical Staff,RI.01.01.01,MS.06.01.01.9,Element 15,EP 27,EM.02.02.01 EP17,Standard Level,0,No Pattern,07/16/2023,07/19/2023,2023,Finding related to environmental controls,14
Regional Health Hospital,Houston,TX,Pneumonia,Complaint Survey,Nursing Care,IC.02.01.01,RI.01.01.01.5,Element 4,EP 7,PC.01.02.07 EP15,Immediate Jeopardy,2,Isolated,06/16/2023,06/20/2023,2023,Finding related to environmental controls,3
Community General Hospital,Phoenix,AZ,,Annual Survey,Medication Management,MS.06.01.01,MM.06.01.01.6,Element 4,EP 3,LS.02.01.20 EP25,No Deficiency,0,Pattern,10/09/2023,10/14/2023,2023,Finding related to equipment maintenance,9
Coastal Care Hospital,Columbus,OH,Pneumonia,Complaint Survey,Infection Prevention and Control,LS.02.01.20,IC.02.01.01.5,Element 15,EP 2,EM.02.02.01 EP6,No Deficiency,4,No Pattern,04/02/2024,04/04/2024,2024,Finding related to equipment maintenance,13
Community General Hospital,Phoenix,AZ,Acute Myocardial Infarction,Complaint Survey,Emergency Management,LD.04.04.05,EC.02.06.05.9,Element 4,EP 22,MS.06.01.01 EP13,Immediate Jeopardy,2,Isolated,10/22/2024,10/23/2024,2024,Finding related to patient safety,7
Mountain View Health,Fort Worth,TX,Pneumonia,Annual Survey,Medication Management,PC.01.02.07,EM.02.02.01.10,Element 11,EP 17,MS.06.01.01 EP8,Standard Level,2,Isolated,08/29/2024,09/03/2024,2024,Finding related to patient safety,13
Lakeside Regional,Jacksonville,FL,,Annual Survey,Emergency Management,LS.02.01.20,RC.02.01.01.4,Element 4,EP 18,EC.02.06.05 EP18,Standard Level,2,Pattern,01/08/2023,01/13/2023,2023,Finding related to environmental controls,3
Valley Medical Center,Dallas,TX,COPD,Complaint Survey,Medication Management,RI.01.01.01,EM.02.02.01.10,Element 12,EP 1,EC.02.06.05 EP1,No Deficiency,1,Pattern,10/25/2023,10/29/2023,2023,Finding related to patient safety,4
St. Mary's Medical Center,Chicago,IL,,Validation Survey,Life Safety,RI.01.01.01,MS.06.01.01.9,Element 12,EP 29,IC.02.01.01 EP10,No Deficiency,2,Pattern,03/17/2024,03/18/2024,2024,Finding related to policy compliance,9
Riverside Healthcare,San Antonio,TX,,Complaint Survey,Emergency Management,MM.06.01.01,MS.06.01.01.6,Element 7,EP 3,MS.06.01.01 EP28,Condition Level,3,No Pattern,02/20/2024,02/23/2024,2024,Finding related to patient safety,3
Valley Medical Center,Dallas,TX,Acute Myocardial Infarction,Annual Survey,Nursing Care,EM.02.02.01,MS.06.01.01.7,Element 12,EP 5,MS.06.01.01 EP24,No Deficiency,4,No Pattern,05/02/2023,05/03/2023,2023,Finding related to equipment maintenance,15
Lakeside Regional,Jacksonville,FL,Pneumonia,Validation Survey,Medication Management,RI.01.01.01,MM.06.01.01.6,Element 10,EP 1,RC.02.01.01 EP10,Standard Level,0,No Pattern,07/19/2024,07/21/2024,2024,Finding related to staff training,14
Central Hospital,Austin,TX,,Complaint Survey,Record of Care,PC.01.02.07,MM.06.01.01.2,Element 9,EP 16,RC.02.01.01 EP21,No Deficiency,5,Widespread,02/19/2024,02/24/2024,2024,Finding related to staff training,1
Valley Medical Center,Dallas,TX,,Follow-up Survey,Life Safety,RI.01.01.01,IC.02.01.01.5,Element 4,EP 28,MS.06.01.01 EP4,No Deficiency,3,No Pattern,05/10/2024,05/12/2024,2024,Finding related to documentation,9
St. Mary's Medical Center,Chicago,IL,,Complaint Survey,Nursing Care,EC.02.06.05,IC.02.01.01.9,Element 19,EP 16,MM.06.01.01 EP6,Immediate Jeopardy,5,Isolated,06/02/2024,06/04/2024,2024,Finding related to policy compliance,9
Central Hospital,Austin,TX,Acute Myocardial Infarction,Validation Survey,Medication Management,RC.02.01.01,MM.06.01.01.7,Element 17,EP 16,LS.02.01.20 EP13,Immediate Jeopardy,0,Widespread,11/16/2023,11/21/2023,2023,Finding related to staff training,12
Mountain View Health,Fort Worth,TX,Stroke,Complaint Survey,Infection Prevention and Control,EC.02.06.05,PC.01.02.07.7,Element 20,EP 23,IC.02.01.01 EP5,Immediate Jeopardy,3,Isolated,01/20/2024,01/22/2024,2024,Finding related to documentation,5
Mountain View Health,Fort Worth,TX,Heart Failure,Annual Survey,Medical Staff,LS.02.01.20,RI.01.01.01.4,Element 1,EP 3,PC.01.02.07 EP29,Condition Level,3,Widespread,10/01/2024,10/06/2024,2024,Finding related to policy compliance,13
Riverside Healthcare,San Antonio,TX,Pneumonia,Complaint Survey,Medication Management,RI.01.01.01,MS.06.01.01.1,Element 19,EP 22,EC.02.06.05 EP24,No Deficiency,3,No Pattern,11/09/2024,11/14/2024,2024,Finding related to patient safety,15
Mountain View Health,Fort Worth,TX,,Follow-up Survey,Patient Rights,IC.02.01.01,EC.02.06.05.1,Element 20,EP 25,MS.06.01.01 EP19,No Deficiency,3,Isolated,10/01/2024,10/04/2024,2024,Finding related to patient safety,10
Regional Health Hospital,Houston,TX,,Complaint Survey,Patient Rights,IC.02.01.01,LS.02.01.20.8,Element 2,EP 2,MM.06.01.01 EP1,Immediate Jeopardy,1,Widespread,01/07/2024,01/08/2024,2024,Finding related to equipment maintenance,15
Community General Hospital,Phoenix,AZ,Heart Failure,Annual Survey,Leadership,MM.06.01.01,MM.06.01.01.3,Element 9,EP 26,LS.02.01.20 EP8,No Deficiency,3,Isolated,07/24/2023,07/26/2023,2023,Finding related to patient safety,13
Coastal Care Hospital,Columbus,OH,,Annual Survey,Medication Management,MS.06.01.01,LS.02.01.20.3,Element 9,EP 28,IC.02.01.01 EP20,Immediate Jeopardy,4,No Pattern,01/08/2024,01/10/2024,2024,Finding related to equipment maintenance,2
Valley Medical Center,Dallas,TX,,Validation Survey,Environment of Care,LS.02.01.20,PC.01.02.07.8,Element 15,EP 29,RC.02.01.01 EP28,No Deficiency,2,Isolated,09/17/2023,09/18/2023,2023,Finding related to patient safety,12
Coastal Care Hospital,Columbus,OH,Heart Failure,Annual Survey,Record of Care,LS.02.01.20,RC.02.01.01.8,Element 20,EP 29,IC.02.01.01 EP1,Standard Level,1,No Pattern,03/22/2023,03/26/2023,2023,Finding related to patient safety,5
Central Hospital,Austin,TX,,Complaint Survey,Environment of Care,MM.06.01.01,LS.02.01.20.3,Element 20,EP 15,LD.04.04.05 EP21,Condition Level,4,Pattern,04/17/2023,04/21/2023,2023,Finding related to policy compliance,6
Mountain View Health,Fort Worth,TX,Pneumonia,Annual Survey,Life Safety,EM.02.02.01,IC.02.01.01.5,Element 15,EP 30,IC.02.01.01 EP22,No Deficiency,2,Pattern,12/25/2023,12/30/2023,2023,Finding related to patient safety,2
Regional Health Hospital,Houston,TX,Pneumonia,Annual Survey,Medical Staff,IC.02.01.01,LS.02.01.20.1,Element 1,EP 2,EM.02.02.01 EP13,Immediate Jeopardy,4,Isolated,03/07/2023,03/12/2023,2023,Finding related to patient safety,3
Coastal Care Hospital,Columbus,OH,,Complaint Survey,Medication Management,MS.06.01.01,MS.06.01.01.4,Element 15,EP 23,RC.02.01.01 EP22,No Deficiency,3,Widespread,03/02/2023,03/05/2023,2023,Finding related to patient safety,9
Metro City Medical,Philadelphia,PA,,Annual Survey,Medication Management,RC.02.01.01,LS.02.01.20.9,Element 15,EP 19,IC.02.01.01 EP24,No Deficiency,5,Isolated,06/15/2024,06/17/2024,2024,Finding related to documentation,8
Lakeside Regional,Jacksonville,FL,Heart Failure,Complaint Survey,Environment of Care,IC.02.01.01,PC.01.02.07.8,Element 1,EP 8,EM.02.02.01 EP26,Condition Level,4,Pattern,05/15/2024,05/18/2024,2024,Finding related to environmental controls,8
Valley Medical Center,Dallas,TX,Pneumonia,Follow-up Survey,Emergency Management,RC.02.01.01,EM.02.02.01.8,Element 5,EP 11,IC.02.01.01 EP21,Immediate Jeopardy,5,Widespread,09/09/2023,09/11/2023,2023,Finding related to equipment maintenance,14
Metro City Medical,Philadelphia,PA,,Validation Survey,Record of Care,RI.01.01.01,LD.04.04.05.1,Element 19,EP 18,EC.02.06.05 EP25,Condition Level,5,Isolated,03/20/2023,03/24/2023,2023,Finding related to staff training,15
Regional Health Hospital,Houston,TX,Stroke,Validation Survey,Medical Staff,LD.04.04.05,EC.02.06.05.9,Element 16,EP 19,RI.01.01.01 EP3,Immediate Jeopardy,5,No Pattern,11/23/2024,11/28/2024,2024,Finding related to documentation,6
Mountain View Health,Fort Worth,TX,,Annual Survey,Medical Staff,LD.04.04.05,MS.06.01.01.10,Element 18,EP 1,IC.02.01.01 EP30,Standard Level,3,Widespread,08/06/2024,08/11/2024,2024,Finding related to patient safety,15
Riverside Healthcare,San Antonio,TX,,Follow-up Survey,Emergency Management,RI.01.01.01,LS.02.01.20.1,Element 7,EP 17,PC.01.02.07 EP13,Condition Level,3,Pattern,02/21/2024,02/25/2024,2024,Finding related to environmental controls,6
Community General Hospital,Phoenix,AZ,,Complaint Survey,Nursing Care,MM.06.01.01,IC.02.01.01.6,Element 8,EP 13,EM.02.02.01 EP12,Condition Level,3,No Pattern,10/09/2023,10/10/2023,2023,Finding related to equipment maintenance,10
Community General Hospital,Phoenix,AZ,,Validation Survey,Patient Rights,RC.02.01.01,MM.06.01.01.2,Element 15,EP 6,EC.02.06.05 EP22,Immediate Jeopardy,2,No Pattern,06/05/2024,06/09/2024,2024,Finding related to staff training,1
Lakeside Regional,Jacksonville,FL,,Follow-up Survey,Patient Rights,EM.02.02.01,MS.06.01.01.4,Element 15,EP 29,LD.04.04.05 EP17,Immediate Jeopardy,3,Pattern,04/24/2023,04/29/2023,2023,Finding related to staff training,8
Lakeside Regional,Jacksonville,FL,COPD,Validation Survey,Leadership,IC.02.01.01,PC.01.02.07.3,Element 8,EP 5,LS.02.01.20 EP14,Immediate Jeopardy,4,Pattern,06/19/2024,06/23/2024,2024,Finding related to staff training,13
Valley Medical Center,Dallas,TX,Heart Failure,Complaint Survey,Medication Management,EC.02.06.05,PC.01.02.07.3,Element 2,EP 7,LS.02.01.20 EP11,Standard Level,1,No Pattern,06/06/2024,06/07/2024,2024,Finding related to equipment maintenance,7
Riverside Healthcare,San Antonio,TX,,Follow-up Survey,Life Safety,RC.02.01.01,LD.04.04.05.10,Element 18,EP 5,IC.02.01.01 EP23,Immediate Jeopardy,4,Widespread,07/05/2024,07/10/2024,2024,Finding related to patient safety,15
Metro City Medical,Philadelphia,PA,Acute Myocardial Infarction,Complaint Survey,Medication Management,RI.01.01.01,PC.01.02.07.8,Element 9,EP 3,LS.02.01.20 EP26,No Deficiency,1,Isolated,10/12/2023,10/14/2023,2023,Finding related to staff training,14
Community General Hospital,Phoenix,AZ,,Annual Survey,Infection Prevention and Control,MM.06.01.01,MM.06.01.01.3,Element 15,EP 19,RI.01.01.01 EP16,Immediate Jeopardy,0,Isolated,09/19/2024,09/23/2024,2024,Finding related to environmental controls,15
Community General Hospital,Phoenix,AZ,,Complaint Survey,Emergency Management,MM.06.01.01,RC.02.01.01.10,Element 14,EP 19,MM.06.01.01 EP20,No Deficiency,3,Pattern,11/18/2024,11/22/2024,2024,Finding related to equipment maintenance,1
Regional Health Hospital,Houston,TX,COPD,Validation Survey,Emergency Management,EC.02.06.05,LS.02.01.20.3,Element 14,EP 28,EM.02.02.01 EP21,Condition Level,3,No Pattern,06/24/2024,06/29/2024,2024,Finding related to staff training,3
Riverside Healthcare,San Antonio,TX,COPD,Follow-up Survey,Life Safety,RC.02.01.01,RI.01.01.01.2,Element 7,EP 24,RC.02.01.01 EP23,Condition Level,5,No Pattern,03/15/2023,03/17/2023,2023,Finding related to staff training,8
Riverside Healthcare,San Antonio,TX,Pneumonia,Follow-up Survey,Medication Management,EM.02.02.01,LS.02.01.20.8,Element 19,EP 2,IC.02.01.01 EP13,Immediate Jeopardy,4,No Pattern,03/16/2023,03/18/2023,2023,Finding related to policy compliance,8
Central Hospital,Austin,TX,,Complaint Survey,Infection Prevention and Control,IC.02.01.01,LS.02.01.20.10,Element 6,EP 5,LD.04.04.05 EP22,Standard Level,3,Isolated,01/23/2023,01/26/2023,2023,Finding related to staff training,7
Valley Medical Center,Dallas,TX,,Complaint Survey,Nursing Care,RI.01.01.01,MM.06.01.01.8,Element 12,EP 18,EC.02.06.05 EP1,Immediate Jeopardy,3,Pattern,07/03/2023,07/05/2023,2023,Finding related to documentation,15
Mountain View Health,Fort Worth,TX,Heart Failure,Follow-up Survey,Medication Management,MS.06.01.01,LD.04.04.05.3,Element 17,EP 10,PC.01.02.07 EP11,No Deficiency,0,Isolated,08/21/2023,08/25/2023,2023,Finding related to staff training,3
Lakeside Regional,Jacksonville,FL,,Annual Survey,Medical Staff,EC.02.06.05,EC.02.06.05.4,Element 5,EP 18,RC.02.01.01 EP4,Standard Level,4,Isolated,08/28/2023,08/31/2023,2023,Finding related to staff training,8
Community General Hospital,Phoenix,AZ,,Follow-up Survey,Medical Staff,MS.06.01.01,IC.02.01.01.2,Element 18,EP 12,IC.02.01.01 EP25,Standard Level,1,Pattern,03/05/2023,03/10/2023,2023,Finding related to patient safety,13
St. Mary's Medical Center,Chicago,IL,Pneumonia,Complaint Survey,Medication Management,RI.01.01.01,LS.02.01.20.10,Element 20,EP 17,IC.02.01.01 EP6,No Deficiency,2,Pattern,11/20/2023,11/25/2023,2023,Finding related to patient safety,2
Riverside Healthcare,San Antonio,TX,,Complaint Survey,Emergency Management,RI.01.01.01,MS.06.01.01.4,Element 2,EP 16,MM.06.01.01 EP25,Immediate Jeopardy,1,Widespread,03/07/2024,03/10/2024,2024,Finding related to equipment maintenance,10
St. Mary's Medical Center,Chicago,IL,,Annual Survey,Infection Prevention and Control,MM.06.01.01,MS.06.01.01.8,Element 16,EP 9,EM.02.02.01 EP16,Condition Level,5,Widespread,08/08/2023,08/11/2023,2023,Finding related to environmental controls,4
Valley Medical Center,Dallas,TX,,Validation Survey,Record of Care,LD.04.04.05,RC.02.01.01.10,Element 14,EP 15,MS.06.01.01 EP9,Immediate Jeopardy,4,No Pattern,01/01/2024,01/04/2024,2024,Finding related to equipment maintenance,10
Regional Health Hospital,Houston,TX,,Complaint Survey,Patient Rights,EM.02.02.01,EC.02.06.05.5,Element 6,EP 16,MS.06.01.01 EP6,Immediate Jeopardy,5,Isolated,07/08/2023,07/13/2023,2023,Finding related to policy compliance,15
Community General Hospital,Phoenix,AZ,Heart Failure,Annual Survey,Leadership,EM.02.02.01,RC.02.01.01.8,Element 17,EP 14,EM.02.02.01 EP15,No Deficiency,4,Pattern,03/10/2024,03/11/2024,2024,Finding related to environmental controls,4
Valley Medical Center,Dallas,TX,,Complaint Survey,Emergency Management,EM.02.02.01,EC.02.06.05.6,Element 18,EP 9,IC.02.01.01 EP14,No Deficiency,1,Widespread,01/15/2023,01/19/2023,2023,Finding related to environmental controls,10
Coastal Care Hospital,Columbus,OH,,Complaint Survey,Infection Prevention and Control,EC.02.06.05,LS.02.01.20.8,Element 16,EP 28,EM.02.02.01 EP17,Immediate Jeopardy,3,No Pattern,07/31/2024,08/02/2024,2024,Finding related to equipment maintenance,2
Mountain View Health,Fort Worth,TX,,Annual Survey,Nursing Care,RC.02.01.01,LD.04.04.05.1,Element 2,EP 19,LD.04.04.05 EP15,Immediate Jeopardy,4,Isolated,09/05/2024,09/08/2024,2024,Finding related to staff training,14
Regional Health Hospital,Houston,TX,,Complaint Survey,Environment of Care,RI.01.01.01,MM.06.01.01.2,Element 7,EP 14,IC.02.01.01 EP19,Standard Level,0,Widespread,03/25/2024,03/27/2024,2024,Finding related to documentation,3
St. Mary's Medical Center,Chicago,IL,,Annual Survey,Life Safety,LD.04.04.05,EC.02.06.05.5,Element 20,EP 7,RC.02.01.01 EP16,Immediate Jeopardy,3,Isolated,11/02/2024,11/06/2024,2024,Finding related to documentation,4
Regional Health Hospital,Houston,TX,Pneumonia,Complaint Survey,Medication Management,RC.02.01.01,IC.02.01.01.2,Element 11,EP 8,LS.02.01.20 EP6,Immediate Jeopardy,2,Widespread,08/03/2024,08/08/2024,2024,Finding related to patient safety,9
Central Hospital,Austin,TX,Heart Failure,Complaint Survey,Record of Care,EM.02.02.01,LD.04.04.05.8,Element 16,EP 16,MS.06.01.01 EP19,Standard Level,3,Widespread,12/12/2023,12/17/2023,2023,Finding related to equipment maintenance,2
Valley Medical Center,Dallas,TX,,Annual Survey,Record of Care,EM.02.02.01,RI.01.01.01.9,Element 8,EP 4,RC.02.01.01 EP28,Condition Level,1,Widespread,04/21/2024,04/22/2024,2024,Finding related to staff training,5
Mountain View Health,Fort Worth,TX,Pneumonia,Annual Survey,Nursing Care,LD.04.04.05,IC.02.01.01.2,Element 5,EP 15,RI.01.01.01 EP17,No Deficiency,1,Widespread,01/24/2024,01/26/2024,2024,Finding related to environmental controls,15
Regional Health Hospital,Houston,TX,,Complaint Survey,Medication Management,LD.04.04.05,PC.01.02.07.8,Element 18,EP 13,IC.02.01.01 EP11,Condition Level,4,Isolated,11/26/2024,11/30/2024,2024,Finding related to documentation,11
Coastal Care Hospital,Columbus,OH,,Annual Survey,Infection Prevention and Control,RI.01.01.01,LS.02.01.20.4,Element 13,EP 22,MS.06.01.01 EP8,Condition Level,4,Widespread,07/20/2023,07/25/2023,2023,Finding related to documentation,12
Mountain View Health,Fort Worth,TX,,Annual Survey,Infection Prevention and Control,RI.01.01.01,RI.01.01.01.1,Element 15,EP 7,RI.01.01.01 EP4,Standard Level,0,No Pattern,12/14/2023,12/16/2023,2023,Finding related to patient safety,12
Metro City Medical,Philadelphia,PA,Heart Failure,Complaint Survey,Environment of Care,LD.04.04.05,EC.02.06.05.5,Element 16,EP 25,RC.02.01.01 EP7,Condition Level,0,Pattern,10/06/2023,10/11/2023,2023,Finding related to equipment maintenance,9
Regional Health Hospital,Houston,TX,,Complaint Survey,Infection Prevention and Control,PC.01.02.07,IC.02.01.01.9,Element 1,EP 5,RC.02.01.01 EP10,No Deficiency,0,Widespread,08/04/2024,08/08/2024,2024,Finding related to policy compliance,14
Community General Hospital,Phoenix,AZ,,Complaint Survey,Leadership,LS.02.01.20,IC.02.01.01.2,Element 18,EP 2,MM.06.01.01 EP2,Standard Level,4,Pattern,02/19/2024,02/20/2024,2024,Finding related to patient safety,8
Valley Medical Center,Dallas,TX,,Annual Survey,Medical Staff,RC.02.01.01,IC.02.01.01.8,Element 17,EP 28,MM.06.01.01 EP6,Standard Level,1,Pattern,10/17/2024,10/21/2024,2024,Finding related to patient safety,10
Regional Health Hospital,Houston,TX,,Complaint Survey,Leadership,RI.01.01.01,EM.02.02.01.5,Element 18,EP 21,RC.02.01.01 EP8,No Deficiency,1,Isolated,07/30/2023,08/02/2023,2023,Finding related to patient safety,8
Valley Medical Center,Dallas,TX,Acute Myocardial Infarction,Annual Survey,Patient Rights,RC.02.01.01,MM.06.01.01.5,Element 1,EP 8,MS.06.01.01 EP7,No Deficiency,1,Widespread,01/06/2023,01/11/2023,2023,Finding related to policy compliance,4
Riverside Healthcare,San Antonio,TX,,Complaint Survey,Nursing Care,IC.02.01.01,LD.04.04.05.5,Element 15,EP 15,LS.02.01.20 EP20,Immediate Jeopardy,0,Widespread,11/14/2024,11/18/2024,2024,Finding related to patient safety,9
Mountain View Health,Fort Worth,TX,,Validation Survey,Medical Staff,LD.04.04.05,PC.01.02.07.5,Element 20,EP 16,RI.01.01.01 EP18,No Deficiency,5,Widespread,09/01/2024,09/05/2024,2024,Finding related to policy compliance,10
Metro City Medical,Philadelphia,PA,Heart Failure,Complaint Survey,Life Safety,EC.02.06.05,LS.02.01.20.6,Element 14,EP 6,RI.01.01.01 EP25,No Deficiency,1,Isolated,11/26/2024,12/01/2024,2024,Finding related to documentation,6
Valley Medical Center,Dallas,TX,,Complaint Survey,Medication Management,RI.01.01.01,IC.02.01.01.1,Element 4,EP 17,LD.04.04.05 EP21,No Deficiency,3,Pattern,01/05/2024,01/06/2024,2024,Finding related to documentation,7
Valley Medical Center,Dallas,TX,,Follow-up Survey,Life Safety,MM.06.01.01,IC.02.01.01.1,Element 9,EP 13,RI.01.01.01 EP12,Standard Level,5,Isolated,03/16/2023,03/19/2023,2023,Finding related to environmental controls,13
Coastal Care Hospital,Columbus,OH,,Complaint Survey,Patient Rights,MM.06.01.01,PC.01.02.07.3,Element 15,EP 17,LD.04.04.05 EP19,Condition Level,5,Pattern,01/20/2024,01/24/2024,2024,Finding related to equipment maintenance,13
Community General Hospital,Phoenix,AZ,,Annual Survey,Medication Management,EM.02.02.01,MM.06.01.01.3,Element 3,EP 6,EC.02.06.05 EP25,Condition Level,5,Pattern,02/21/2023,02/25/2023,2023,Finding related to environmental controls,11
Mountain View Health,Fort Worth,TX,,Complaint Survey,Nursing Care,PC.01.02.07,LS.02.01.20.7,Element 8,EP 23,IC.02.01.01 EP8,Standard Level,5,Isolated,01/31/2023,02/01/2023,2023,Finding related to patient safety,10
Coastal Care Hospital,Columbus,OH,Acute Myocardial Infarction,Validation Survey,Environment of Care,RC.02.01.01,RC.02.01.01.3,Element 11,EP 25,LD.04.04.05 EP14,Standard Level,4,Widespread,11/10/2023,11/14/2023,2023,Finding related to documentation,8
Riverside Healthcare,San Antonio,TX,,Follow-up Survey,Emergency Management,RC.02.01.01,IC.02.01.01.4,Element 20,EP 18,PC.01.02.07 EP27,No Deficiency,3,No Pattern,05/18/2023,05/22/2023,2023,Finding related to equipment maintenance,4
Valley Medical Center,Dallas,TX,,Complaint Survey,Medical Staff,LD.04.04.05,MS.06.01.01.4,Element 14,EP 4,MM.06.01.01 EP26,No Deficiency,3,Isolated,01/24/2023,01/27/2023,2023,Finding related to patient safety,2
Riverside Healthcare,San Antonio,TX,,Follow-up Survey,Emergency Management,RC.02.01.01,LD.04.04.05.1,Element 16,EP 16,EM.02.02.01 EP29,Immediate Jeopardy,0,Widespread,04/19/2024,04/24/2024,2024,Finding related to policy compliance,2
Mountain View Health,Fort Worth,TX,,Annual Survey,Life Safety,RI.01.01.01,RI.01.01.01.2,Element 15,EP 21,MS.06.01.01 EP23,Standard Level,3,Isolated,02/27/2023,03/01/2023,2023,Finding related to patient safety,11
Lakeside Regional,Jacksonville,FL,,Complaint Survey,Emergency Management,RI.01.01.01,RI.01.01.01.8,Element 13,EP 10,EM.02.02.01 EP16,No Deficiency,0,No Pattern,11/18/2023,11/19/2023,2023,Finding related to equipment maintenance,9
St. Mary's Medical Center,Chicago,IL,,Validation Survey,Record of Care,PC.01.02.07,EC.02.06.05.9,Element 15,EP 13,LS.02.01.20 EP22,No Deficiency,3,Widespread,11/04/2024,11/06/2024,2024,Finding related to staff training,15
Mountain View Health,Fort Worth,TX,,Follow-up Survey,Patient Rights,EM.02.02.01,RI.01.01.01.5,Element 14,EP 20,RC.02.01.01 EP25,Standard Level,4,No Pattern,11/13/2024,11/18/2024,2024,Finding related to patient safety,2
Mountain View Health,Fort Worth,TX,,Validation Survey,Emergency Management,PC.01.02.07,IC.02.01.01.9,Element 14,EP 3,EM.02.02.01 EP11,Standard Level,1,Pattern,03/02/2023,03/03/2023,2023,Finding related to policy compliance,11
St. Mary's Medical Center,Chicago,IL,Acute Myocardial Infarction,Annual Survey,Environment of Care,LD.04.04.05,IC.02.01.01.8,Element 7,EP 3,LD.04.04.05 EP9,Immediate Jeopardy,1,Isolated,09/25/2023,09/29/2023,2023,Finding related to patient safety,12
Lakeside Regional,Jacksonville,FL,COPD,Complaint Survey,Record of Care,EC.02.06.05,LS.02.01.20.10,Element 2,EP 1,RI.01.01.01 EP21,Immediate Jeopardy,3,No Pattern,01/23/2024,01/28/2024,2024,Finding related to equipment maintenance,2
Metro City Medical,Philadelphia,PA,,Complaint Survey,Patient Rights,RI.01.01.01,PC.01.02.07.8,Element 9,EP 17,PC.01.02.07 EP7,Immediate Jeopardy,5,Isolated,09/22/2024,09/23/2024,2024,Finding related to patient safety,14
Lakeside Regional,Jacksonville,FL,Heart Failure,Complaint Survey,Record of Care,MS.06.01.01,LS.02.01.20.4,Element 15,EP 11,EC.02.06.05 EP24,Standard Level,4,No Pattern,11/05/2023,11/07/2023,2023,Finding related to documentation,9
Coastal Care Hospital,Columbus,OH,,Complaint Survey,Life Safety,RI.01.01.01,LD.04.04.05.4,Element 17,EP 12,RI.01.01.01 EP29,Standard Level,2,Widespread,03/31/2024,04/02/2024,2024,Finding related to policy compliance,15
Riverside Healthcare,San Antonio,TX,,Follow-up Survey,Medical Staff,EM.02.02.01,IC.02.01.01.10,Element 5,EP 2,PC.01.02.07 EP29,No Deficiency,4,Isolated,01/22/2024,01/27/2024,2024,Finding related to policy compliance,4
Riverside Healthcare,San Antonio,TX,Pneumonia,Follow-up Survey,Life Safety,RC.02.01.01,IC.02.01.01.8,Element 14,EP 16,EC.02.06.05 EP16,Condition Level,3,No Pattern,08/29/2024,08/30/2024,2024,Finding related to documentation,6
Riverside Healthcare,San Antonio,TX,Stroke,Annual Survey,Nursing Care,RI.01.01.01,PC.01.02.07.3,Element 5,EP 3,MS.06.01.01 EP29,Condition Level,5,Isolated,10/03/2023,10/04/2023,2023,Finding related to patient safety,6
Lakeside Regional,Jacksonville,FL,Heart Failure,Complaint Survey,Leadership,EM.02.02.01,IC.02.01.01.9,Element 5,EP 22,RI.01.01.01 EP13,No Deficiency,1,Pattern,09/04/2023,09/05/2023,2023,Finding related to policy compliance,11
Coastal Care Hospital,Columbus,OH,,Follow-up Survey,Patient Rights,EM.02.02.01,RI.01.01.01.4,Element 8,EP 2,PC.01.02.07 EP30,No Deficiency,0,Pattern,06/03/2024,06/07/2024,2024,Finding related to staff training,14
Regional Health Hospital,Houston,TX,,Validation Survey,Nursing Care,LS.02.01.20,MM.06.01.01.10,Element 12,EP 9,LS.02.01.20 EP6,Standard Level,5,Widespread,07/31/2024,08/04/2024,2024,Finding related to equipment maintenance,10
Regional Health Hospital,Houston,TX,,Annual Survey,Emergency Management,RC.02.01.01,RI.01.01.01.7,Element 12,EP 27,MS.06.01.01 EP11,Condition Level,5,Widespread,03/10/2023,03/15/2023,2023,Finding related to policy compliance,6
Regional Health Hospital,Houston,TX,Stroke,Annual Survey,Medication Management,LD.04.04.05,LD.04.04.05.2,Element 5,EP 4,LS.02.01.20 EP30,Immediate Jeopardy,2,Pattern,06/18/2023,06/20/2023,2023,Finding related to policy compliance,7
Mountain View Health,Fort Worth,TX,,Validation Survey,Leadership,MS.06.01.01,EC.02.06.05.7,Element 8,EP 1,RI.01.01.01 EP6,Standard Level,4,Pattern,01/25/2023,01/27/2023,2023,Finding related to equipment maintenance,10
Regional Health Hospital,Houston,TX,Stroke,Validation Survey,Environment of Care,IC.02.01.01,MS.06.01.01.7,Element 8,EP 8,MM.06.01.01 EP8,No Deficiency,0,Pattern,10/26/2023,10/30/2023,2023,Finding related to environmental controls,14
Coastal Care Hospital,Columbus,OH,Stroke,Follow-up Survey,Medical Staff,EM.02.02.01,LD.04.04.05.4,Element 5,EP 6,IC.02.01.01 EP22,Standard Level,3,Isolated,03/30/2024,04/03/2024,2024,Finding related to patient safety,3
Community General Hospital,Phoenix,AZ,Heart Failure,Validation Survey,Emergency Management,IC.02.01.01,RI.01.01.01.1,Element 5,EP 7,RC.02.01.01 EP25,No Deficiency,3,Widespread,05/17/2024,05/18/2024,2024,Finding related to equipment maintenance,4
Community General Hospital,Phoenix,AZ,COPD,Follow-up Survey,Life Safety,LD.04.04.05,LD.04.04.05.1,Element 4,EP 27,LD.04.04.05 EP30,Standard Level,3,Pattern,11/05/2023,11/09/2023,2023,Finding related to equipment maintenance,6
Mountain View Health,Fort Worth,TX,COPD,Validation Survey,Patient Rights,MS.06.01.01,EM.02.02.01.4,Element 10,EP 23,EM.02.02.01 EP3,No Deficiency,4,Widespread,05/25/2023,05/28/2023,2023,Finding related to documentation,2
Coastal Care Hospital,Columbus,OH,,Follow-up Survey,Environment of Care,MM.06.01.01,LD.04.04.05.3,Element 15,EP 30,LS.02.01.20 EP9,Condition Level,2,Isolated,04/19/2024,04/23/2024,2024,Finding related to environmental controls,9
St. Mary's Medical Center,Chicago,IL,,Validation Survey,Patient Rights,MS.06.01.01,LS.02.01.20.4,Element 18,EP 11,RI.01.01.01 EP25,Condition Level,3,No Pattern,06/10/2024,06/14/2024,2024,Finding related to policy compliance,7
Mountain View Health,Fort Worth,TX,,Validation Survey,Leadership,PC.01.02.07,LS.02.01.20.4,Element 10,EP 6,RI.01.01.01 EP17,Standard Level,0,No Pattern,10/08/2024,10/10/2024,2024,Finding related to patient safety,7
Riverside Healthcare,San Antonio,TX,,Validation Survey,Nursing Care,LD.04.04.05,RI.01.01.01.6,Element 14,EP 20,PC.01.02.07 EP1,Immediate Jeopardy,5,Widespread,04/29/2023,04/30/2023,2023,Finding related to documentation,10
Community General Hospital,Phoenix,AZ,Stroke,Follow-up Survey,Medical Staff,PC.01.02.07,MS.06.01.01.2,Element 15,EP 15,IC.02.01.01 EP16,Condition Level,4,Pattern,01/12/2023,01/13/2023,2023,Finding related to documentation,8
Community General Hospital,Phoenix,AZ,,Validation Survey,Life Safety,LS.02.01.20,EM.02.02.01.3,Element 8,EP 3,IC.02.01.01 EP24,Immediate Jeopardy,5,Isolated,05/10/2023,05/15/2023,2023,Finding related to equipment maintenance,6
Regional Health Hospital,Houston,TX,,Annual Survey,Life Safety,EC.02.06.05,EC.02.06.05.1,Element 15,EP 13,PC.01.02.07 EP3,Immediate Jeopardy,5,Widespread,11/29/2024,12/03/2024,2024,Finding related to equipment maintenance,5
Regional Health Hospital,Houston,TX,,Validation Survey,Patient Rights,LD.04.04.05,LS.02.01.20.1,Element 4,EP 21,EC.02.06.05 EP10,Immediate Jeopardy,5,Isolated,11/16/2024,11/18/2024,2024,Finding related to documentation,3
Community General Hospital,Phoenix,AZ,Acute Myocardial Infarction,Validation Survey,Life Safety,EC.02.06.05,MM.06.01.01.2,Element 16,EP 3,EC.02.06.05 EP1,Standard Level,4,Pattern,07/11/2023,07/13/2023,2023,Finding related to staff training,7
Regional Health Hospital,Houston,TX,Acute Myocardial Infarction,Validation Survey,Environment of Care,IC.02.01.01,LD.04.04.05.9,Element 5,EP 27,MS.06.01.01 EP30,Immediate Jeopardy,0,No Pattern,01/14/2023,01/17/2023,2023,Finding related to staff training,4
St. Mary's Medical Center,Chicago,IL,Stroke,Validation Survey,Leadership,MM.06.01.01,MM.06.01.01.1,Element 8,EP 17,EM.02.02.01 EP18,Standard Level,3,Widespread,03/15/2024,03/18/2024,2024,Finding related to environmental controls,5
Lakeside Regional,Jacksonville,FL,,Validation Survey,Medical Staff,LS.02.01.20,IC.02.01.01.1,Element 15,EP 25,MS.06.01.01 EP28,Immediate Jeopardy,1,Isolated,10/02/2024,10/07/2024,2024,Finding related to environmental controls,10
Lakeside Regional,Jacksonville,FL,Pneumonia,Follow-up Survey,Environment of Care,RI.01.01.01,EM.02.02.01.10,Element 9,EP 2,LD.04.04.05 EP7,No Deficiency,3,Widespread,12/26/2023,12/30/2023,2023,Finding related to environmental controls,3
St. Mary's Medical Center,Chicago,IL,Pneumonia,Validation Survey,Patient Rights,RI.01.01.01,RC.02.01.01.8,Element 2,EP 22,MM.06.01.01 EP25,Immediate Jeopardy,4,Widespread,07/09/2023,07/13/2023,2023,Finding related to environmental controls,4
Community General Hospital,Phoenix,AZ,,Annual Survey,Infection Prevention and Control,LS.02.01.20,RI.01.01.01.9,Element 13,EP 29,EM.02.02.01 EP27,Condition Level,3,Isolated,03/03/2023,03/08/2023,2023,Finding related to patient safety,13
Mountain View Health,Fort Worth,TX,,Complaint Survey,Record of Care,EM.02.02.01,EC.02.06.05.4,Element 9,EP 12,LS.02.01.20 EP15,Standard Level,4,Widespread,01/22/2023,01/24/2023,2023,Finding related to documentation,6
St. Mary's Medical Center,Chicago,IL,,Follow-up Survey,Life Safety,RC.02.01.01,RI.01.01.01.5,Element 18,EP 3,MM.06.01.01 EP17,No Deficiency,4,Widespread,03/08/2024,03/13/2024,2024,Finding related to patient safety,4
Regional Health Hospital,Houston,TX,Pneumonia,Follow-up Survey,Medication Management,RI.01.01.01,RI.01.01.01.1,Element 2,EP 6,EM.02.02.01 EP12,No Deficiency,4,Pattern,09/15/2023,09/19/2023,2023,Finding related to policy compliance,10
Lakeside Regional,Jacksonville,FL,COPD,Complaint Survey,Patient Rights,RI.01.01.01,PC.01.02.07.9,Element 1,EP 28,LS.02.01.20 EP4,Immediate Jeopardy,5,No Pattern,10/10/2023,10/12/2023,2023,Finding related to documentation,13
Valley Medical Center,Dallas,TX,COPD,Validation Survey,Nursing Care,RI.01.01.01,EM.02.02.01.9,Element 4,EP 18,RC.02.01.01 EP23,Condition Level,3,Isolated,09/21/2023,09/25/2023,2023,Finding related to equipment maintenance,3
St. Mary's Medical Center,Chicago,IL,,Complaint Survey,Record of Care,LS.02.01.20,RC.02.01.01.10,Element 14,EP 11,LS.02.01.20 EP29,Standard Level,5,No Pattern,07/12/2024,07/15/2024,2024,Finding related to policy compliance,14
Central Hospital,Austin,TX,Pneumonia,Complaint Survey,Environment of Care,EM.02.02.01,MM.06.01.01.6,Element 4,EP 13,PC.01.02.07 EP7,Standard Level,2,No Pattern,08/21/2024,08/24/2024,2024,Finding related to patient safety,13
Central Hospital,Austin,TX,,Complaint Survey,Nursing Care,MS.06.01.01,LS.02.01.20.7,Element 16,EP 25,IC.02.01.01 EP9,Standard Level,5,Isolated,06/30/2024,07/03/2024,2024,Finding related to patient safety,2
Riverside Healthcare,San Antonio,TX,,Annual Survey,Medical Staff,MM.06.01.01,LS.02.01.20.2,Element 18,EP 30,PC.01.02.07 EP9,Condition Level,2,Isolated,09/22/2023,09/27/2023,2023,Finding related to documentation,4
Riverside Healthcare,San Antonio,TX,Heart Failure,Follow-up Survey,Leadership,LD.04.04.05,MS.06.01.01.9,Element 10,EP 3,EC.02.06.05 EP10,No Deficiency,1,Pattern,03/05/2024,03/10/2024,2024,Finding related to patient safety,6
Central Hospital,Austin,TX,,Annual Survey,Leadership,MS.06.01.01,IC.02.01.01.2,Element 18,EP 21,RC.02.01.01 EP1,Condition Level,2,Widespread,03/20/2024,03/22/2024,2024,Finding related to equipment maintenance,14
Central Hospital,Austin,TX,Heart Failure,Annual Survey,Nursing Care,RI.01.01.01,LD.04.04.05.5,Element 16,EP 20,EC.02.06.05 EP16,Condition Level,2,Isolated,08/24/2024,08/25/2024,2024,Finding related to documentation,8
Metro City Medical,Philadelphia,PA,COPD,Complaint Survey,Patient Rights,EM.02.02.01,LS.02.01.20.3,Element 4,EP 10,RC.02.01.01 EP19,Standard Level,3,Pattern,06/03/2023,06/06/2023,2023,Finding related to staff training,3
Valley Medical Center,Dallas,TX,,Follow-up Survey,Medication Management,PC.01.02.07,LD.04.04.05.6,Element 3,EP 29,IC.02.01.01 EP4,Standard Level,5,Pattern,01/09/2024,01/13/2024,2024,Finding related to policy compliance,6
St. Mary's Medical Center,Chicago,IL,,Complaint Survey,Life Safety,MS.06.01.01,EM.02.02.01.8,Element 10,EP 15,LD.04.04.05 EP3,No Deficiency,0,Isolated,12/02/2023,12/03/2023,2023,Finding related to documentation,14
Regional Health Hospital,Houston,TX,,Complaint Survey,Patient Rights,EM.02.02.01,MS.06.01.01.2,Element 9,EP 1,LS.02.01.20 EP9,Immediate Jeopardy,1,Pattern,11/12/2024,11/15/2024,2024,Finding related to equipment maintenance,14
Community General Hospital,Phoenix,AZ,Acute Myocardial Infarction,Validation Survey,Emergency Management,PC.01.02.07,RC.02.01.01.7,Element 14,EP 22,MM.06.01.01 EP17,No Deficiency,4,Widespread,11/05/2023,11/09/2023,2023,Finding related to environmental controls,4
Metro City Medical,Philadelphia,PA,,Follow-up Survey,Leadership,PC.01.02.07,RC.02.01.01.8,Element 18,EP 5,RC.02.01.01 EP17,Condition Level,4,Isolated,04/21/2024,04/26/2024,2024,Finding related to environmental controls,7
Central Hospital,Austin,TX,,Follow-up Survey,Environment of Care,MS.06.01.01,IC.02.01.01.4,Element 1,EP 26,LD.04.04.05 EP21,Standard Level,5,Isolated,06/17/2023,06/22/2023,2023,Finding related to staff training,15
Mountain View Health,Fort Worth,TX,Heart Failure,Follow-up Survey,Emergency Management,MS.06.01.01,PC.01.02.07.1,Element 5,EP 12,RI.01.01.01 EP28,No Deficiency,0,No Pattern,08/13/2024,08/14/2024,2024,Finding related to policy compliance,10
Riverside Healthcare,San Antonio,TX,,Annual Survey,Environment of Care,LS.02.01.20,RI.01.01.01.3,Element 19,EP 29,EC.02.06.05 EP9,Condition Level,4,Isolated,11/19/2024,11/22/2024,2024,Finding related to equipment maintenance,13
Coastal Care Hospital,Columbus,OH,,Complaint Survey,Record of Care,EC.02.06.05,EM.02.02.01.10,Element 20,EP 27,IC.02.01.01 EP26,No Deficiency,3,Widespread,11/07/2024,11/11/2024,2024,Finding related to staff training,14
Valley Medical Center,Dallas,TX,,Annual Survey,Medical Staff,MS.06.01.01,EC.02.06.05.8,Element 10,EP 6,PC.01.02.07 EP7,Condition Level,3,No Pattern,02/09/2024,02/12/2024,2024,Finding related to patient safety,13
St. Mary's Medical Center,Chicago,IL,Heart Failure,Follow-up Survey,Environment of Care,PC.01.02.07,EM.02.02.01.7,Element 19,EP 14,LS.02.01.20 EP23,Standard Level,4,Isolated,12/13/2023,12/18/2023,2023,Finding related to environmental controls,15
Mountain View Health,Fort Worth,TX,COPD,Follow-up Survey,Life Safety,PC.01.02.07,RC.02.01.01.2,Element 9,EP 6,LS.02.01.20 EP27,Condition Level,5,Isolated,06/28/2024,07/01/2024,2024,Finding related to staff training,3
Community General Hospital,Phoenix,AZ,,Validation Survey,Nursing Care,LD.04.04.05,LS.02.01.20.1,Element 12,EP 18,RI.01.01.01 EP11,Standard Level,1,Pattern,03/08/2024,03/13/2024,2024,Finding related to equipment maintenance,7
Lakeside Regional,Jacksonville,FL,,Annual Survey,Environment of Care,PC.01.02.07,PC.01.02.07.9,Element 18,EP 19,RI.01.01.01 EP24,Immediate Jeopardy,0,No Pattern,08/16/2023,08/17/2023,2023,Finding related to equipment maintenance,11
Valley Medical Center,Dallas,TX,,Complaint Survey,Leadership,EC.02.06.05,RC.02.01.01.10,Element 9,EP 8,LS.02.01.20 EP24,Immediate Jeopardy,0,Widespread,02/03/2023,02/06/2023,2023,Finding related to policy compliance,1
Mountain View Health,Fort Worth,TX,,Annual Survey,Medication Management,MM.06.01.01,PC.01.02.07.6,Element 8,EP 27,LD.04.04.05 EP13,No Deficiency,2,No Pattern,01/07/2024,01/10/2024,2024,Finding related to environmental controls,10
St. Mary's Medical Center,Chicago,IL,COPD,Annual Survey,Medical Staff,EM.02.02.01,PC.01.02.07.8,Element 14,EP 9,IC.02.01.01 EP7,No Deficiency,3,Pattern,11/04/2024,11/06/2024,2024,Finding related to documentation,4
Valley Medical Center,Dallas,TX,Acute Myocardial Infarction,Follow-up Survey,Medical Staff,EC.02.06.05,RC.02.01.01.4,Element 8,EP 11,RI.01.01.01 EP5,No Deficiency,1,Pattern,06/11/2024,06/14/2024,2024,Finding related to environmental controls,13
Riverside Healthcare,San Antonio,TX,COPD,Annual Survey,Medical Staff,RC.02.01.01,MM.06.01.01.8,Element 5,EP 8,PC.01.02.07 EP16,Standard Level,1,Widespread,08/31/2024,09/03/2024,2024,Finding related to environmental controls,11
Riverside Healthcare,San Antonio,TX,,Follow-up Survey,Patient Rights,EC.02.06.05,MS.06.01.01.2,Element 10,EP 18,LD.04.04.05 EP23,No Deficiency,3,Pattern,12/01/2023,12/03/2023,2023,Finding related to environmental controls,6
St. Mary's Medical Center,Chicago,IL,,Complaint Survey,Medication Management,MM.06.01.01,MM.06.01.01.1,Element 4,EP 29,EC.02.06.05 EP23,No Deficiency,1,Isolated,12/19/2023,12/22/2023,2023,Finding related to patient safety,5
Lakeside Regional,Jacksonville,FL,Heart Failure,Validation Survey,Infection Prevention and Control,EC.02.06.05,RC.02.01.01.6,Element 9,EP 29,LD.04.04.05 EP16,Immediate Jeopardy,5,Isolated,06/06/2024,06/11/2024,2024,Finding related to patient safety,4
St. Mary's Medical Center,Chicago,IL,Pneumonia,Annual Survey,Leadership,LS.02.01.20,IC.02.01.01.3,Element 4,EP 24,LS.02.01.20 EP6,Condition Level,4,No Pattern,06/11/2023,06/13/2023,2023,Finding related to equipment maintenance,1
Central Hospital,Austin,TX,COPD,Complaint Survey,Record of Care,LS.02.01.20,IC.02.01.01.8,Element 7,EP 15,MS.06.01.01 EP10,Condition Level,4,No Pattern,09/14/2024,09/15/2024,2024,Finding related to patient safety,7
Lakeside Regional,Jacksonville,FL,,Annual Survey,Patient Rights,RC.02.01.01,RC.02.01.01.1,Element 8,EP 11,LS.02.01.20 EP9,Immediate Jeopardy,2,Isolated,04/29/2023,05/03/2023,2023,Finding related to documentation,6
Metro City Medical,Philadelphia,PA,,Follow-up Survey,Record of Care,RC.02.01.01,PC.01.02.07.9,Element 18,EP 8,EC.02.06.05 EP22,No Deficiency,3,Widespread,09/28/2024,10/01/2024,2024,Finding related to patient safety,11
Community General Hospital,Phoenix,AZ,,Complaint Survey,Life Safety,LS.02.01.20,LS.02.01.20.9,Element 3,EP 6,PC.01.02.07 EP27,No Deficiency,2,Widespread,11/03/2023,11/05/2023,2023,Finding related to staff training,9
Riverside Healthcare,San Antonio,TX,COPD,Validation Survey,Leadership,MS.06.01.01,LD.04.04.05.1,Element 4,EP 13,MM.06.01.01 EP8,Immediate Jeopardy,1,Pattern,06/11/2023,06/13/2023,2023,Finding related to equipment maintenance,13
St. Mary's Medical Center,Chicago,IL,,Validation Survey,Patient Rights,LS.02.01.20,IC.02.01.01.8,Element 3,EP 16,PC.01.02.07 EP13,Immediate Jeopardy,5,Widespread,07/15/2023,07/19/2023,2023,Finding related to patient safety,6
Valley Medical Center,Dallas,TX,COPD,Validation Survey,Life Safety,PC.01.02.07,RI.01.01.01.7,Element 20,EP 17,EC.02.06.05 EP29,Standard Level,2,Pattern,07/21/2024,07/22/2024,2024,Finding related to staff training,14
Lakeside Regional,Jacksonville,FL,Stroke,Follow-up Survey,Leadership,RI.01.01.01,EC.02.06.05.9,Element 17,EP 25,RI.01.01.01 EP3,Condition Level,1,No Pattern,06/08/2024,06/13/2024,2024,Finding related to equipment maintenance,7
Metro City Medical,Philadelphia,PA,,Follow-up Survey,Medication Management,EM.02.02.01,MS.06.01.01.6,Element 4,EP 13,IC.02.01.01 EP30,Immediate Jeopardy,2,Isolated,12/03/2023,12/04/2023,2023,Finding related to patient safety,6
Coastal Care Hospital,Columbus,OH,,Annual Survey,Patient Rights,LD.04.04.05,MS.06.01.01.2,Element 19,EP 6,RI.01.01.01 EP2,Condition Level,0,Isolated,02/15/2024,02/17/2024,2024,Finding related to documentation,3
Riverside Healthcare,San Antonio,TX,,Follow-up Survey,Infection Prevention and Control,LD.04.04.05,RI.01.01.01.7,Element 3,EP 23,RC.02.01.01 EP13,Condition Level,2,Pattern,05/26/2023,05/29/2023,2023,Finding related to documentation,12
Community General Hospital,Phoenix,AZ,COPD,Annual Survey,Leadership,LD.04.04.05,EC.02.06.05.4,Element 12,EP 12,MS.06.01.01 EP30,Standard Level,4,Isolated,09/13/2023,09/15/2023,2023,Finding related to documentation,6
Regional Health Hospital,Houston,TX,,Complaint Survey,Record of Care,RC.02.01.01,RC.02.01.01.2,Element 17,EP 12,RI.01.01.01 EP4,Standard Level,2,Isolated,05/23/2023,05/25/2023,2023,Finding related to patient safety,13
Riverside Healthcare,San Antonio,TX,Stroke,Complaint Survey,Leadership,MM.06.01.01,LS.02.01.20.2,Element 14,EP 5,LS.02.01.20 EP21,No Deficiency,2,Widespread,06/09/2023,06/10/2023,2023,Finding related to staff training,3
Community General Hospital,Phoenix,AZ,,Follow-up Survey,Life Safety,MM.06.01.01,EC.02.06.05.8,Element 9,EP 16,RC.02.01.01 EP20,Standard Level,4,Pattern,08/10/2023,08/13/2023,2023,Finding related to policy compliance,11
Lakeside Regional,Jacksonville,FL,Pneumonia,Validation Survey,Record of Care,LS.02.01.20,PC.01.02.07.10,Element 9,EP 23,RI.01.01.01 EP5,No Deficiency,5,Isolated,08/10/2023,08/14/2023,2023,Finding related to equipment maintenance,9
Mountain View Health,Fort Worth,TX,,Complaint Survey,Leadership,MM.06.01.01,EC.02.06.05.9,Element 8,EP 28,RI.01.01.01 EP8,No Deficiency,2,Widespread,08/22/2024,08/24/2024,2024,Finding related to staff training,13
Community General Hospital,Phoenix,AZ,,Complaint Survey,Emergency Management,PC.01.02.07,EC.02.06.05.3,Element 18,EP 6,LD.04.04.05 EP30,No Deficiency,0,Pattern,04/30/2023,05/04/2023,2023,Finding related to environmental controls,11
Central Hospital,Austin,TX,Pneumonia,Annual Survey,Emergency Management,PC.01.02.07,PC.01.02.07.8,Element 10,EP 25,MM.06.01.01 EP16,Immediate Jeopardy,0,Pattern,02/22/2024,02/25/2024,2024,Finding related to equipment maintenance,6
Coastal Care Hospital,Columbus,OH,,Complaint Survey,Medication Management,MM.06.01.01,MM.06.01.01.2,Element 1,EP 9,MM.06.01.01 EP6,Standard Level,5,No Pattern,10/25/2023,10/26/2023,2023,Finding related to patient safety,15
Lakeside Regional,Jacksonville,FL,Heart Failure,Complaint Survey,Patient Rights,MM.06.01.01,MS.06.01.01.9,Element 12,EP 24,RC.02.01.01 EP15,No Deficiency,1,Isolated,05/12/2024,05/13/2024,2024,Finding related to equipment maintenance,3
St. Mary's Medical Center,Chicago,IL,Acute Myocardial Infarction,Annual Survey,Environment of Care,RC.02.01.01,RC.02.01.01.10,Element 11,EP 19,MS.06.01.01 EP26,No Deficiency,2,No Pattern,12/07/2023,12/12/2023,2023,Finding related to environmental controls,13
Regional Health Hospital,Houston,TX,,Annual Survey,Patient Rights,LD.04.04.05,PC.01.02.07.7,Element 16,EP 9,RI.01.01.01 EP26,Condition Level,2,Pattern,08/19/2024,08/22/2024,2024,Finding related to staff training,5
Coastal Care Hospital,Columbus,OH,,Annual Survey,Nursing Care,EC.02.06.05,RI.01.01.01.3,Element 14,EP 14,MS.06.01.01 EP28,Immediate Jeopardy,5,Pattern,07/25/2023,07/28/2023,2023,Finding related to documentation,3
Metro City Medical,Philadelphia,PA,Acute Myocardial Infarction,Complaint Survey,Patient Rights,EC.02.06.05,EC.02.06.05.7,Element 5,EP 30,PC.01.02.07 EP24,No Deficiency,1,No Pattern,08/30/2023,08/31/2023,2023,Finding related to patient safety,8
Central Hospital,Austin,TX,,Validation Survey,Medical Staff,LD.04.04.05,EC.02.06.05.5,Element 10,EP 29,EM.02.02.01 EP20,Standard Level,1,Isolated,01/03/2024,01/04/2024,2024,Finding related to staff training,10
Valley Medical Center,Dallas,TX,,Annual Survey,Patient Rights,RC.02.01.01,LD.04.04.05.1,Element 4,EP 22,MS.06.01.01 EP10,Standard Level,1,No Pattern,10/03/2024,10/08/2024,2024,Finding related to environmental controls,6
Community General Hospital,Phoenix,AZ,,Follow-up Survey,Nursing Care,PC.01.02.07,MM.06.01.01.3,Element 16,EP 15,RC.02.01.01 EP1,Standard Level,5,Widespread,02/17/2024,02/22/2024,2024,Finding related to environmental controls,14
Riverside Healthcare,San Antonio,TX,,Validation Survey,Medical Staff,RC.02.01.01,LD.04.04.05.10,Element 1,EP 12,IC.02.01.01 EP23,Immediate Jeopardy,1,Pattern,01/08/2024,01/11/2024,2024,Finding related to patient safety,12
Metro City Medical,Philadelphia,PA,Pneumonia,Follow-up Survey,Medication Management,MM.06.01.01,RI.01.01.01.1,Element 17,EP 5,EM.02.02.01 EP2,Standard Level,4,Widespread,04/12/2023,04/14/2023,2023,Finding related to patient safety,10
Central Hospital,Austin,TX,,Annual Survey,Environment of Care,LD.04.04.05,LD.04.04.05.3,Element 4,EP 30,EM.02.02.01 EP16,Immediate Jeopardy,4,Pattern,09/26/2024,09/27/2024,2024,Finding related to staff training,10
Riverside Healthcare,San Antonio,TX,,Follow-up Survey,Environment of Care,RC.02.01.01,IC.02.01.01.4,Element 4,EP 15,RC.02.01.01 EP26,No Deficiency,0,Pattern,03/24/2024,03/25/2024,2024,Finding related to equipment maintenance,12
St. Mary's Medical Center,Chicago,IL,Stroke,Validation Survey,Medication Management,MM.06.01.01,LD.04.04.05.1,Element 12,EP 21,LD.04.04.05 EP22,Standard Level,3,Widespread,02/02/2024,02/06/2024,2024,Finding related to staff training,12
Lakeside Regional,Jacksonville,FL,,Annual Survey,Life Safety,IC.02.01.01,EM.02.02.01.10,Element 9,EP 21,LS.02.01.20 EP10,Standard Level,0,Widespread,11/25/2023,11/30/2023,2023,Finding related to patient safety,6
Lakeside Regional,Jacksonville,FL,,Validation Survey,Medical Staff,LD.04.04.05,RI.01.01.01.8,Element 4,EP 27,EC.02.06.05 EP12,No Deficiency,0,Widespread,08/13/2024,08/14/2024,2024,Finding related to patient safety,13
St. Mary's Medical Center,Chicago,IL,,Validation Survey,Emergency Management,EC.02.06.05,RC.02.01.01.10,Element 14,EP 28,PC.01.02.07 EP5,Immediate Jeopardy,3,Pattern,06/21/2023,06/23/2023,2023,Finding related to documentation,7
Valley Medical Center,Dallas,TX,,Follow-up Survey,Medical Staff,IC.02.01.01,RC.02.01.01.1,Element 4,EP 25,EM.02.02.01 EP21,Condition Level,3,Isolated,09/30/2024,10/01/2024,2024,Finding related to environmental controls,8
Riverside Healthcare,San Antonio,TX,Acute Myocardial Infarction,Validation Survey,Emergency Management,MM.06.01.01,PC.01.02.07.1,Element 18,EP 21,PC.01.02.07 EP23,Immediate Jeopardy,0,Isolated,07/25/2023,07/30/2023,2023,Finding related to documentation,1
St. Mary's Medical Center,Chicago,IL,Pneumonia,Annual Survey,Life Safety,EC.02.06.05,EC.02.06.05.2,Element 6,EP 26,PC.01.02.07 EP10,Immediate Jeopardy,0,No Pattern,01/23/2023,01/24/2023,2023,Finding related to policy compliance,9
Coastal Care Hospital,Columbus,OH,,Follow-up Survey,Leadership,LS.02.01.20,IC.02.01.01.10,Element 17,EP 8,LD.04.04.05 EP9,Condition Level,3,No Pattern,09/25/2023,09/30/2023,2023,Finding related to policy compliance,4
Metro City Medical,Philadelphia,PA,,Complaint Survey,Life Safety,MM.06.01.01,EM.02.02.01.5,Element 3,EP 23,RI.01.01.01 EP7,Standard Level,5,Widespread,11/27/2024,11/29/2024,2024,Finding related to equipment maintenance,15
Regional Health Hospital,Houston,TX,Heart Failure,Validation Survey,Record of Care,LS.02.01.20,EC.02.06.05.6,Element 19,EP 20,EM.02.02.01 EP6,Immediate Jeopardy,2,Pattern,07/11/2024,07/13/2024,2024,Finding related to patient safety,12
Valley Medical Center,Dallas,TX,,Complaint Survey,Medical Staff,IC.02.01.01,LS.02.01.20.6,Element 17,EP 28,LS.02.01.20 EP2,No Deficiency,4,Isolated,12/25/2023,12/30/2023,2023,Finding related to staff training,9
Central Hospital,Austin,TX,Pneumonia,Validation Survey,Record of Care,MM.06.01.01,LS.02.01.20.10,Element 14,EP 23,EM.02.02.01 EP9,Condition Level,1,No Pattern,09/13/2024,09/17/2024,2024,Finding related to equipment maintenance,2
Coastal Care Hospital,Columbus,OH,,Validation Survey,Life Safety,EM.02.02.01,LS.02.01.20.3,Element 12,EP 24,RI.01.01.01 EP12,No Deficiency,4,Pattern,05/21/2024,05/26/2024,2024,Finding related to environmental controls,5
St. Mary's Medical Center,Chicago,IL,,Annual Survey,Environment of Care,MM.06.01.01,IC.02.01.01.6,Element 18,EP 5,RC.02.01.01 EP4,No Deficiency,2,No Pattern,10/03/2024,10/07/2024,2024,Finding related to documentation,13
Lakeside Regional,Jacksonville,FL,Acute Myocardial Infarction,Follow-up Survey,Infection Prevention and Control,LD.04.04.05,PC.01.02.07.8,Element 6,EP 17,RC.02.01.01 EP11,Standard Level,2,Isolated,01/08/2023,01/10/2023,2023,Finding related to documentation,15
Coastal Care Hospital,Columbus,OH,Acute Myocardial Infarction,Validation Survey,Infection Prevention and Control,LS.02.01.20,PC.01.02.07.4,Element 14,EP 11,MS.06.01.01 EP16,No Deficiency,5,Widespread,05/03/2023,05/07/2023,2023,Finding related to staff training,14
Coastal Care Hospital,Columbus,OH,,Follow-up Survey,Record of Care,RI.01.01.01,MM.06.01.01.7,Element 15,EP 14,LS.02.01.20 EP19,Condition Level,4,Widespread,04/30/2023,05/04/2023,2023,Finding related to patient safety,9
Regional Health Hospital,Houston,TX,,Complaint Survey,Nursing Care,MM.06.01.01,MS.06.01.01.1,Element 18,EP 9,MS.06.01.01 EP1,Condition Level,1,Widespread,07/02/2024,07/07/2024,2024,Finding related to environmental controls,6
Valley Medical Center,Dallas,TX,Heart Failure,Annual Survey,Record of Care,PC.01.02.07,LD.04.04.05.5,Element 7,EP 30,LS.02.01.20 EP10,Immediate Jeopardy,0,No Pattern,08/28/2024,09/01/2024,2024,Finding related to staff training,6
Riverside Healthcare,San Antonio,TX,,Complaint Survey,Emergency Management,RC.02.01.01,LD.04.04.05.10,Element 18,EP 22,MM.06.01.01 EP25,Condition Level,0,Widespread,05/07/2024,05/08/2024,2024,Finding related to environmental controls,2
Regional Health Hospital,Houston,TX,,Validation Survey,Medication Management,MS.06.01.01,LD.04.04.05.5,Element 10,EP 1,RC.02.01.01 EP5,Immediate Jeopardy,4,No Pattern,01/08/2024,01/09/2024,2024,Finding related to environmental controls,15
St. Mary's Medical Center,Chicago,IL,Heart Failure,Complaint Survey,Leadership,RI.01.01.01,MS.06.01.01.2,Element 5,EP 14,IC.02.01.01 EP22,Condition Level,2,Widespread,08/26/2024,08/29/2024,2024,Finding related to patient safety,9
